0	cwe	q
1	FILE_CNT	q
2	FILE_SIZE	q
3	FUNC_CNT	q
4	KW_IF_CNT	q
5	RAW_KW_IF_CNT	q
6	KW_ELSE_CNT	q
7	RAW_KW_ELSE_CNT	q
8	KW_FOR_CNT	q
9	RAW_KW_FOR_CNT	q
10	KW_RETURN_CNT	q
11	RAW_KW_RETURN_CNT	q
12	KW_DO_CNT	q
13	RAW_KW_DO_CNT	q
14	KW_WHILE_CNT	q
15	RAW_KW_WHILE_CNT	q
16	KW_SWITCH_CNT	q
17	RAW_KW_SWITCH_CNT	q
18	KW_CASE_CNT	q
19	RAW_KW_CASE_CNT	q
20	KW_BREAK_CNT	q
21	RAW_KW_BREAK_CNT	q
22	KW_DEFAULT_CNT	q
23	RAW_KW_DEFAULT_CNT	q
24	KW_GOTO_CNT	q
25	RAW_KW_GOTO_CNT	q
26	KW_AUTO_CNT	q
27	RAW_KW_AUTO_CNT	q
28	KW_VOLATILE_CNT(local)	q
29	KW_VOLATILE_CNT(cumulative)	q
30	RAW_KW_VOLATILE_CNT(local)	q
31	RAW_KW_VOLATILE_CNT(cumulative)	q
32	KW_CONST_CNT(local)	q
33	KW_CONST_CNT(cumulative)	q
34	RAW_KW_CONST_CNT(local)	q
35	RAW_KW_CONST_CNT(cumulative)	q
36	KW_BODY_CONST_CNT	q
37	RAW_KW_BODY_CONST_CNT	q
38	KW_TYPEDEF_CNT(local)	q
39	KW_TYPEDEF_CNT(cumulative)	q
40	RAW_KW_TYPEDEF_CNT(local)	q
41	RAW_KW_TYPEDEF_CNT(cumulative)	q
42	KW_CONTINUE_CNT	q
43	RAW_KW_CONTINUE_CNT	q
44	KW_UNION_CNT(local)	q
45	KW_UNION_CNT(cumulative)	q
46	KW_BODY_UNION_CNT	q
47	RAW_KW_UNION_CNT(local)	q
48	RAW_KW_UNION_CNT(cumulative)	q
49	RAW_KW_BODY_UNION_CNT	q
50	KW_STRUCT_CNT(local)	q
51	KW_STRUCT_CNT(cumulative)	q
52	KW_BODY_STRUCT_CNT	q
53	RAW_KW_STRUCT_CNT(local)	q
54	RAW_KW_STRUCT_CNT(cumulative)	q
55	RAW_KW_BODY_STRUCT_CNT	q
56	KW_ENUM_CNT(local)	q
57	KW_ENUM_CNT(cumulative)	q
58	KW_BODY_ENUM_CNT	q
59	RAW_KW_ENUM_CNT(local)	q
60	RAW_KW_ENUM_CNT(cumulative)	q
61	RAW_KW_BODY_ENUM_CNT	q
62	KW_CHAR_CNT(local)	q
63	KW_CHAR_CNT(cumulative)	q
64	KW_BODY_CHAR_CNT	q
65	RAW_KW_CHAR_CNT(local)	q
66	RAW_KW_CHAR_CNT(cumulative)	q
67	RAW_KW_BODY_CHAR_CNT	q
68	KW_UNSIGNED_CNT(local)	q
69	KW_UNSIGNED_CNT(cumulative)	q
70	KW_BODY_UNSIGNED_CNT	q
71	RAW_KW_UNSIGNED_CNT(local)	q
72	RAW_KW_UNSIGNED_CNT(cumulative)	q
73	RAW_KW_BODY_UNSIGNED_CNT	q
74	KW_SIGNED_CNT(local)	q
75	KW_SIGNED_CNT(cumulative)	q
76	KW_BODY_SIGNED_CNT	q
77	RAW_KW_SIGNED_CNT(local)	q
78	RAW_KW_SIGNED_CNT(cumulative)	q
79	RAW_KW_BODY_SIGNED_CNT	q
80	KW_DOUBLE_CNT(local)	q
81	KW_DOUBLE_CNT(cumulative)	q
82	KW_BODY_DOUBLE_CNT	q
83	RAW_KW_DOUBLE_CNT(local)	q
84	RAW_KW_DOUBLE_CNT(cumulative)	q
85	RAW_KW_BODY_DOUBLE_CNT	q
86	KW_FLOAT_CNT(local)	q
87	KW_FLOAT_CNT(cumulative)	q
88	KW_BODY_FLOAT_CNT	q
89	RAW_KW_FLOAT_CNT(local)	q
90	RAW_KW_FLOAT_CNT(cumulative)	q
91	RAW_KW_BODY_FLOAT_CNT	q
92	KW_INT_CNT(local)	q
93	KW_INT_CNT(cumulative)	q
94	RAW_KW_INT_CNT(local)	q
95	RAW_KW_INT_CNT(cumulative)	q
96	KW_BODY_INT_CNT	q
97	RAW_KW_BODY_INT_CNT	q
98	KW_LONG_CNT(local)	q
99	KW_LONG_CNT(cumulative)	q
100	KW_BODY_LONG_CNT	q
101	RAW_KW_LONG_CNT(local)	q
102	RAW_KW_LONG_CNT(cumulative)	q
103	RAW_KW_BODY_LONG_CNT	q
104	KW_SHORT_CNT(local)	q
105	KW_SHORT_CNT(cumulative)	q
106	KW_BODY_SHORT_CNT	q
107	RAW_KW_SHORT_CNT(local)	q
108	RAW_KW_SHORT_CNT(cumulative)	q
109	RAW_KW_BODY_SHORT_CNT	q
110	KW_STATIC_CNT(local)	q
111	KW_STATIC_CNT(cumulative)	q
112	KW_BODY_STATIC_CNT	q
113	RAW_KW_STATIC_CNT(local)	q
114	RAW_KW_STATIC_CNT(cumulative)	q
115	RAW_KW_BODY_STATIC_CNT	q
116	KW_EXTERN_CNT(local)	q
117	KW_EXTERN_CNT(cumulative)	q
118	RAW_KW_EXTERN_CNT(local)	q
119	RAW_KW_EXTERN_CNT(cumulative)	q
120	KW_REGISTER_CNT(local)	q
121	KW_REGISTER_CNT(cumulative)	q
122	RAW_KW_REGISTER_CNT(local)	q
123	RAW_KW_REGISTER_CNT(cumulative)	q
124	KW_VOID_CNT(local)	q
125	KW_VOID_CNT(cumulative)	q
126	KW_BODY_VOID_CNT	q
127	RAW_KW_VOID_CNT(local)	q
128	RAW_KW_VOID_CNT(cumulative)	q
129	RAW_KW_BODY_VOID_CNT	q
130	OP_SIZEOF_CNT(local)	q
131	OP_SIZEOF_CNT(cumulative)	q
132	RAW_OP_SIZEOF_CNT(local)	q
133	RAW_OP_SIZEOF_CNT(cumulative)	q
134	KW_CNT(local)	q
135	KW_CNT(cumulative)	q
136	KW_TYPES_CNT(local)	q
137	KW_TYPES_CNT(cumulative)	q
138	IDENT_LABEL_CNT	q
139	RAW_IDENT_LABEL_CNT	q
140	NUMERIC_CONST_CNT(local)	q
141	NUMERIC_CONST_CNT(cumulative)	q
142	NUMERIC_CONST_UNIQ(local)	q
143	NUMERIC_CONST_UNIQ(cumulative)	q
144	RAW_NUMERIC_CONST_CNT(local)	q
145	RAW_NUMERIC_CONST_CNT(cumulative)	q
146	RAW_NUMERIC_CONST_UNIQ(local)	q
147	RAW_NUMERIC_CONST_UNIQ(cumulative)	q
148	STRING_LITERALS(local)	q
149	STRING_LITERALS(cumulative)	q
150	STRING_LITERALS_UNIQ(local)	q
151	STRING_LITERALS_UNIQ(cumulative)	q
152	RAW_STRING_LITERALS(local)	q
153	RAW_STRING_LITERALS(cumulative)	q
154	RAW_STRING_LITERALS_UNIQ(local)	q
155	RAW_STRING_LITERALS_UNIQ(cumulative)	q
156	CHAR_CONSTS	q
157	CHAR_CONSTS_UNIQ	q
158	RAW_CHAR_CONSTS	q
159	RAW_CHAR_CONSTS_UNIQ	q
160	UNRESERVED_IDENTIFIERS	q
161	UNRESERVED_IDENTIFIERS_UNIQ	q
162	BODY_UNRESERVED_IDENTIFIERS	q
163	BODY_UNRESERVED_IDENTIFIERS_UNIQ	q
164	RAW_UNRESERVED_IDENTIFIERS	q
165	RAW_UNRESERVED_IDENTIFIERS_UNIQ	q
166	VAR_FILE_LOC_CNT	q
167	VAR_FILE_LOC_STATIC_CNT	q
168	VAR_FILE_EXT_CNT	q
169	VAR_FILE_VOLATILE_CNT	q
170	VAR_FILE_CONST_CNT	q
171	VAR_FN_LOC_CNT	q
172	VAR_FN_LOC_STATIC_CNT	q
173	VAR_FN_LOC_CONST_CNT	q
174	VAR_FN_LOC_VOLATILE_CNT	q
175	VAR_FN_LOC_REG_CNT	q
176	VAR_FN_LOC_AUTO_CNT	q
177	VAR_FN_EXT_CNT	q
178	RETURN_POINT_CNT	q
179	STMT_CNT(local)	q
180	STMT_CNT(cumulative)	q
181	RAW_STMT_CNT(local)	q
182	RAW_STMT_CNT(cumulative)	q
183	COMMENT_HIS_COMF	q
184	COMMENT_BYTE_CNT	q
185	COMMENT_CNT	q
186	MCCABE	q
187	MCCABE_MOD	q
188	RAW_MCCABE	q
189	RAW_MCCABE_MOD	q
190	FUNC_LOCAL_CNT	q
191	FUNC_EXTERN_EXPL_CNT(local)	q
192	FUNC_EXTERN_EXPL_CNT(cumulative)	q
193	FUNC_EXTERN_IMPL_CNT(local)	q
194	FUNC_EXTERN_IMPL_CNT(cumulative)	q
195	FUNC_INLINE_CNT	q
196	FUNC_CALLED_BY_LOCAL	q
197	FUNC_CALLED_BY_EXTERN	q
198	OP_FN_CALL_CNT	q
199	FUNC_PATHS	q
200	OP_FN_CALL_UNIQUE_CNT	q
201	LOCAL_FN_CALL_CNT	q
202	FILE_LINE_CNT	q
203	FUNC_DEFINITION_LINE_CNT	q
204	FUNC_BODY_LINE_CNT	q
205	STMT_HIS_PARAM	q
206	TODO	q
207	TODO	q
208	FUNC_NESTING	q
209	HIS_VOCF	q
210	OP_ASSIGN_CNT	q
211	OP_ADD_CNT	q
212	OP_ADD_ASSIGN_CNT	q
213	OP_SUB_CNT	q
214	OP_SUB_ASSIGN_CNT	q
215	OP_UNARY_PLUS_CNT	q
216	OP_UNARY_MINUS_CNT	q
217	OP_MULT_CNT	q
218	OP_MULT_ASSIGN_CNT	q
219	OP_DIV_CNT	q
220	OP_DIV_ASSIGN_CNT	q
221	OP_MOD_CNT	q
222	OP_MOD_ASSIGN_CNT	q
223	OP_INC_PRE_CNT	q
224	OP_INC_POST_CNT	q
225	OP_DEC_PRE_CNT	q
226	OP_DEC_POST_CNT	q
227	OP_SHFT_LEFT_CNT	q
228	OP_SHFT_LEFT_ASSIGN_CNT	q
229	OP_SHFT_RGHT_CNT	q
230	OP_SHFT_RGHT_ASSIGN_CNT	q
231	OP_CMP_LT_CNT	q
232	OP_CMP_GT_CNT	q
233	OP_CMP_LT_EQ_CNT	q
234	OP_CMP_GT_EQ_CNT	q
235	OP_CMP_EQ_CNT	q
236	OP_CMP_NEQ_CNT	q
237	OP_COMMA_CNT	q
238	OP_TERNARY_CNT	q
239	OP_LOG_AND_CNT	q
240	OP_LOG_OR_CNT	q
241	OP_LOG_NIT_CNT	q
242	OP_BITWISE_AND_CNT	q
243	OP_BITWISE_AND_ASSIGN_CNT	q
244	OP_BITWISE_OR_CNT	q
245	OP_BITWISE_OR_ASSIGN_CNT	q
246	OP_BITWISE_XOR_CNT	q
247	OP_BITWISE_XOR_ASSIGN_CNT	q
248	OP_BITWISE_NOT_CNT	q
249	OP_PTR_TO_MEMBER_DIRECT_CNT	q
250	OP_PTR_TO_MEMBER_INDIRECT_CNT	q
251	OP_ADDR_OF_CNT	q
252	OP_DEREF_CNT	q
253	OP_ARRAY_SUBSCRIPT_CNT	q
254	OP_MEMBER_ACCESS_DIRECT_CNT	q
255	OP_MEMBER_ACCESS_POINTER_CNT	q
256	OP_ALIGNOF_CNT	q
257	OP_CAST_CNT	q
258	OP_TYPES_CNT(local)	q
259	OP_TYPES_CNT(cumulative)	q
260	OP_CNT(local)	q
261	OP_CNT(cumulative)	q
262	HALSTEAD_OPERATOR_UNIQUE_CNT	q
263	HALSTEAD_OPERATOR_CNT	q
264	HALSTEAD_OPERAND_UNIQUE_CNT	q
265	HALSTEAD_OPERAND_CNT	q
266	HALSTEAD_VOCABULARY	q
267	HALSTEAD_LENGTH	q
268	HALSTEAD_CALC_LENGTH	q
269	HALSTEAD_VOLUME	q
270	HALSTEAD_DIFFICULTY	q
271	TOK_BOOL	q
272	TOK_INLINE	q
273	TOK_VIRTUAL	q
274	TOK_MUTABLE	q
275	TOK_FRIEND	q
276	TOK_ASM	q
277	TOK_CLASS	q
278	TOK_DELETE	q
279	TOK_NEW	q
280	TOK_OPERATOR	q
281	TOK_PRIVATE	q
282	TOK_PROTECTED	q
283	TOK_PUBLIC	q
284	TOK_THIS	q
285	TOK_NAMESPACE	q
286	TOK_USING	q
287	TOK_TRY	q
288	TOK_CATCH	q
289	TOK_THROW	q
290	TOK_TYPEID	q
291	TOK_TEMPLATE	q
292	TOK_EXPLICIT	q
293	TOK_TRUE	q
294	TOK_FALSE	q
295	TOK_TYPENAME	q
296	TOK_NOT	q
297	TOK_NOT_EQUAL	q
298	TOK_MODULO	q
299	TOK_MODULO_ASSIGN	q
300	TOK_AMP	q
301	TOK_AMPAMP	q
302	TOK_PIPEPIPE	q
303	TOK_AND_ASSIGN	q
304	TOK_LPAREN	q
305	TOK_RPAREN	q
306	TOK_ASTERISK	q
307	TOK_ASTERISK_ASSIGN	q
308	TOK_PLUS	q
309	TOK_PLUSPLUS	q
310	TOK_PLUS_ASSIGN	q
311	TOK_COMMA	q
312	TOK_MINUS	q
313	TOK_MINUSMINUS	q
314	TOK_MINUS_ASSIGN	q
315	TOK_MEMBER_PTR	q
316	TOK_MEMBER_REF	q
317	TOK_ELLIPSIS	q
318	TOK_SLASH	q
319	TOK_SLASH_ASSIGN	q
320	TOK_COLON	q
321	TOK_COLONCOLON	q
322	TOK_LESS	q
323	TOK_LESSLESS	q
324	TOK_LESSLESS_ASSIGN	q
325	TOK_LESS_EQUAL	q
326	TOK_ASSIGN	q
327	TOK_COMPARISON	q
328	TOK_MORE	q
329	TOK_MOREMORE	q
330	TOK_MOREMORE_ASSIGN	q
331	TOK_MORE_EQUAL	q
332	TOK_LSQUARE	q
333	TOK_RSQUARE	q
334	TOK_LBRACE	q
335	TOK_RBRACE	q
336	TOK_QUESTION	q
337	TOK_CARET	q
338	TOK_CARET_ASSIGN	q
339	TOK_PIPE	q
340	TOK_PIPE_ASSIGN	q
341	TOK_TILDE	q
342	HIS_CALLING	q
